{
  "id": 1,
  "ParkCompanyID": 1,
  "ParkName": "东风大道停车场",
  "Floor": 2,
  "Zone": 7,
  "ParkSpaceNumber": 726,
  "ParkFreeSpaceNumber": 725,
  "ParkAmapX": "114.173679",
  "ParkAmapY": "30.508371",
  "IfRecord": 1,
  "PayAbout": "电子+现金",
  "ParkAbout": "地上+地下",
  "PriceAboutS": 2,
  "PriceAboutB": 4,
  "BusinessHours": "24小时",
  "FreeTime": 30,
  "Picture": "20180317\/e987e5208aa9d6be030eff6102ef2a45.png",
  "ArmyFree": 0,
  "Price": "0.5",
  "PriceFT": "3",
  "CeilingPriceFT": "30",
  "Nprice": "1",
  "NpriceFT": "6",
  "CeilingNpriceFT": "60",
  "Bprice": "1.5",
  "BpriceFT": "9",
  "CeilingBpriceFT": 90,
  "FristTime": 60,
  "TimeSlice": 15,
  "ChargableTime": "00：00-24：00",
  "OutSlice": 0,
  "ChargeTime": 0,
  "FirstTimeFee": 3,
  "IntervalTimeFee": 0,
  "OverNight": 0,
  "Ceiling": 200,
  "Imprest": 1,
  "ParkPic": "20180319\/5a35627ece4fda01009a38d549b1e8be.png",
  "ZoneNameOC": "{\"all\":{\"w\":629,\"h\":4687},\"area\":[{\"id\":29,\"x\":1,\"y\":1,\"w\":629,\"h\":990},{\"id\":30,\"x\":1,\"y\":991,\"w\":629,\"h\":985},{\"id\":31,\"x\":1,\"y\":1975,\"w\":629,\"h\":990},{\"id\":32,\"x\":1,\"y\":2965,\"w\":629,\"h\":990},{\"id\":33,\"x\":1,\"y\":3955,\"w\":629,\"h\":585}]}",
  "Comment": "<p><br><\/p><p>真实数据<br><\/p>",
  "ParkCompany": "武汉车都集团有限公司",
  "ParkCompanyLogo": null,
  "position": {
    "id": 1,
    "ParkID": 1,
    "ParkName": "东风大道停车场",
    "EntryName": "东北入口",
    "BaiduMapX": "114.181607",
    "BaiduMapY": "30.516167",
    "AmapX": "114.17465",
    "AmapY": "30.510187",
    "TmapX": null,
    "TmapY": null
  },
  "parameter": {
    "id": 3,
    "ParkID": 1,
    "DisuseSpace": 0,
    "Full": 0,
    "free": 0,
    "coupon": 0,
    "netpay": 1,
    "Wpay": "71092025",
    "Alipay": "71092025@qq.com",
    "HowlongOrder": 60,
    "OrderTimeInterval": 60,
    "ReOrderTime": 5,
    "ReOrderN": 3,
    "Delayed": 0,
    "OrderPrice": 3
  },
  "zone": [{
    "id": 30,
    "ParkID": 1,
    "ZoneName": "地下B区",
    "SpaceNumber": 105,
    "FreeSpaceNumber": 0,
    "LayersNumber": "地下1层",
    "IfOrder": 0,
    "IfCharging": 1,
    "ZonePic": "20180319\/ca0266034bfda0335f819d65b6519787.png"
  }, {
    "id": 29,
    "ParkID": 1,
    "ZoneName": "地下A区",
    "SpaceNumber": 79,
    "FreeSpaceNumber": 79,
    "LayersNumber": "地下1层",
    "IfOrder": 0,
    "IfCharging": 1,
    "ZonePic": "20180319\/3ad4fa22d7f45c30de873c0f144bfac3.png"
  }, {
    "id": 31,
    "ParkID": 1,
    "ZoneName": "地下C区",
    "SpaceNumber": 107,
    "FreeSpaceNumber": 0,
    "LayersNumber": "地下1层",
    "IfOrder": 0,
    "IfCharging": 1,
    "ZonePic": "20180319\/3d68f63c1256939868975a6275df019f.png"
  }, {
    "id": 32,
    "ParkID": 1,
    "ZoneName": "地下D区",
    "SpaceNumber": 102,
    "FreeSpaceNumber": 0,
    "LayersNumber": "地下1层",
    "IfOrder": 0,
    "IfCharging": 1,
    "ZonePic": "20180319\/50a8a37d14134d5634fab33d47372b35.png"
  }, {
    "id": 33,
    "ParkID": 1,
    "ZoneName": "地下E区",
    "SpaceNumber": 30,
    "FreeSpaceNumber": 0,
    "LayersNumber": "地下1层",
    "IfOrder": 0,
    "IfCharging": 1,
    "ZonePic": "20180319\/8c5f2e76cfb2ef2d71823cec3c04c9da.png"
  }]
}
